phase	expected	file
syntax	accept	valid/core.vyg
syntax	accept	valid/continuations.vyg
syntax	accept	valid/unicode-strings.vyg
syntax	accept	valid/conditional-recursion.vyg
syntax	accept	valid/primes-up-to-by-trial-division.vyg
syntax	accept	valid/structure-valued-lookup-map.vyg
syntax	SyntaxError	invalid-syntax/unicode-identifier.vyg
syntax	SyntaxError	invalid-syntax/inline-function.vyg
syntax	SyntaxError	invalid-syntax/empty-program.vyg
syntax	SyntaxError	invalid-syntax/bare-goal-body.vyg
syntax	accept	valid/output-multiplicity.vyg
syntax	accept	valid/root-contextual-keyword.vyg
syntax	SyntaxError	invalid-syntax/multiplicity-arrow-two.vyg
syntax	SyntaxError	invalid-syntax/multiplicity-arrow-spaced.vyg
syntax	SyntaxError	invalid-syntax/inline-multiplicity-arrow.vyg
syntax	SyntaxError	invalid-syntax/root-with-arguments.vyg
syntax	SyntaxError	invalid-syntax/root-fractional-arity.vyg
syntax	SyntaxError	invalid-syntax/root-wrong-keyword.vyg
syntax	SyntaxError	invalid-syntax/leaf-multiplicity-arrow.vyg
validation	InvalidRoot	invalid-semantic/InvalidRoot.vyg
validation	InvalidStructuralContext	invalid-semantic/InvalidStructuralContext.vyg
validation	InvalidStructuralContext	invalid-semantic/NestedGoalCall.vyg
validation	InvalidStructuralContext	invalid-semantic/NestedAnchorCall.vyg
validation	InvalidUnicodeEscape	invalid-semantic/InvalidUnicodeEscape.vyg
validation	ArityMismatch	invalid-semantic/ArityMismatch.vyg
validation	GoalNotFound	invalid-semantic/GoalNotFound.vyg
validation	NotCallable	invalid-semantic/NotCallable.vyg
validation	DuplicateMapKey	invalid-semantic/DuplicateMapKey.vyg
validation	DestructureMismatch	invalid-semantic/DestructureMismatch.vyg
validation	DestructureMismatch	invalid-semantic/DestructureMismatchEagerCall.vyg
validation	CycleDetected	invalid-semantic/CycleDetected.vyg
validation	CycleDetected	invalid-semantic/ConditionalCycleWithoutExit.vyg
validation	InvalidStructuralContext	invalid-semantic/EffectfulConditionalSelector.vyg
validation	KeyNotFound	invalid-semantic/ConditionalKeyNotFound.vyg
validation	UnboundName	invalid-semantic/ConditionalUppercaseSelector.vyg
validation	CycleDetected	invalid-semantic/ConditionalExitReentersCycle.vyg
validation	InvalidStructuralContext	invalid-semantic/StructureMapBareEntry.vyg
validation	InvalidStructuralContext	invalid-semantic/StructureMapAsValue.vyg
validation	InvalidStructuralContext	invalid-semantic/StructureMapArrowEntry.vyg
validation	InvalidRoot	invalid-semantic/InvalidRootLegacyForm.vyg
validation	InvalidRoot	invalid-semantic/InvalidRootMissing.vyg
validation	InvalidRoot	invalid-semantic/InvalidRootDuplicate.vyg
validation	OutputMultiplicityCannotBeInferred	invalid-semantic/OpaqueHostOutput.vyg
validation	OutputMultiplicityCannotBeInferred	invalid-semantic/RecursiveSignatureCycle.vyg
validation	OutputMultiplicityCannotBeInferred	invalid-semantic/UnknownConditionalBranch.vyg
validation	OutputMultiplicityMismatch	invalid-semantic/GoalDeclarationMismatch.vyg
validation	OutputMultiplicityMismatch	invalid-semantic/ResolvingMapBranchZero.vyg
validation	OutputMultiplicityMismatch	invalid-semantic/ResolvingMapBranchMany.vyg
